Security_ID,Vendor_ID,Vendor_Code,Source_Feed_ID,Price_Type,Exchange_Code,Price_Date,Currency_Code,Price,Conversion_Rate,Price_USD,Max_Price,Min_Price,Mean_Price,Median_Price,Std_Dev,Price_Variation_Pct,Outlier_Bucket
AAPL,V1,YAHOO,FEED_V1,CLOSE,NASDAQ,2025-01-01,USD,152,1.0,152.0,152.0,152.0,152.0,152.0,,0.0,< 3%
AAPL,V2,ALPHA,FEED_V2,CLOSE,NASDAQ,2025-01-01,USD,156,1.0,156.0,156.0,156.0,156.0,156.0,,0.0,< 3%
AAPL,V3,FINDHUB,FEED_V3,CLOSE,NASDAQ,2025-01-01,USD,156,1.0,156.0,156.0,156.0,156.0,156.0,,0.0,< 3%
AAPL,V4,BLOOM,FEED_V4,CLOSE,NASDAQ,2025-01-01,USD,156,1.0,156.0,156.0,156.0,156.0,156.0,,0.0,< 3%
AAPL,V5,REFINIT,FEED_V5,CLOSE,NASDAQ,2025-01-01,USD,156,1.0,156.0,156.0,156.0,156.0,156.0,,0.0,< 3%
MSFT,V1,YAHOO,FEED_V1,CLOSE,NASDAQ,2025-01-01,USD,307,1.0,307.0,307.0,307.0,307.0,307.0,,0.0,< 3%
MSFT,V2,ALPHA,FEED_V2,CLOSE,NASDAQ,2025-01-01,USD,304,1.0,304.0,304.0,304.0,304.0,304.0,,0.0,< 3%
MSFT,V3,FINDHUB,FEED_V3,CLOSE,NASDAQ,2025-01-01,USD,309,1.0,309.0,309.0,309.0,309.0,309.0,,0.0,< 3%
MSFT,V4,BLOOM,FEED_V4,CLOSE,NASDAQ,2025-01-01,USD,307,1.0,307.0,307.0,307.0,307.0,307.0,,0.0,< 3%
MSFT,V5,REFINIT,FEED_V5,CLOSE,NASDAQ,2025-01-01,USD,302,1.0,302.0,302.0,302.0,302.0,302.0,,0.0,< 3%
AAPL,V1,YAHOO,FEED_V1,CLOSE,NASDAQ,2025-01-02,USD,153,1.0,153.0,153.0,153.0,153.0,153.0,,0.0,< 3%
AAPL,V2,ALPHA,FEED_V2,CLOSE,NASDAQ,2025-01-02,USD,158,1.0,158.0,158.0,158.0,158.0,158.0,,0.0,< 3%
AAPL,V3,FINDHUB,FEED_V3,CLOSE,NASDAQ,2025-01-02,USD,159,1.0,159.0,159.0,159.0,159.0,159.0,,0.0,< 3%
AAPL,V4,BLOOM,FEED_V4,CLOSE,NASDAQ,2025-01-02,USD,158,1.0,158.0,158.0,158.0,158.0,158.0,,0.0,< 3%
AAPL,V5,REFINIT,FEED_V5,CLOSE,NASDAQ,2025-01-02,USD,151,1.0,151.0,151.0,151.0,151.0,151.0,,0.0,< 3%
MSFT,V1,YAHOO,FEED_V1,CLOSE,NASDAQ,2025-01-02,USD,303,1.0,303.0,303.0,303.0,303.0,303.0,,0.0,< 3%
MSFT,V2,ALPHA,FEED_V2,CLOSE,NASDAQ,2025-01-02,USD,304,1.0,304.0,304.0,304.0,304.0,304.0,,0.0,< 3%
MSFT,V3,FINDHUB,FEED_V3,CLOSE,NASDAQ,2025-01-02,USD,302,1.0,302.0,302.0,302.0,302.0,302.0,,0.0,< 3%
MSFT,V4,BLOOM,FEED_V4,CLOSE,NASDAQ,2025-01-02,USD,302,1.0,302.0,302.0,302.0,302.0,302.0,,0.0,< 3%
MSFT,V5,REFINIT,FEED_V5,CLOSE,NASDAQ,2025-01-02,USD,308,1.0,308.0,308.0,308.0,308.0,308.0,,0.0,< 3%
AAPL,V1,YAHOO,FEED_V1,CLOSE,NASDAQ,2025-01-03,USD,153,1.0,153.0,153.0,153.0,153.0,153.0,,0.0,< 3%
AAPL,V2,ALPHA,FEED_V2,CLOSE,NASDAQ,2025-01-03,USD,157,1.0,157.0,157.0,157.0,157.0,157.0,,0.0,< 3%
AAPL,V3,FINDHUB,FEED_V3,CLOSE,NASDAQ,2025-01-03,USD,156,1.0,156.0,156.0,156.0,156.0,156.0,,0.0,< 3%
AAPL,V4,BLOOM,FEED_V4,CLOSE,NASDAQ,2025-01-03,USD,158,1.0,158.0,158.0,158.0,158.0,158.0,,0.0,< 3%
AAPL,V5,REFINIT,FEED_V5,CLOSE,NASDAQ,2025-01-03,USD,153,1.0,153.0,153.0,153.0,153.0,153.0,,0.0,< 3%
MSFT,V1,YAHOO,FEED_V1,CLOSE,NASDAQ,2025-01-03,USD,302,1.0,302.0,302.0,302.0,302.0,302.0,,0.0,< 3%
MSFT,V2,ALPHA,FEED_V2,CLOSE,NASDAQ,2025-01-03,USD,300,1.0,300.0,300.0,300.0,300.0,300.0,,0.0,< 3%
MSFT,V3,FINDHUB,FEED_V3,CLOSE,NASDAQ,2025-01-03,USD,305,1.0,305.0,305.0,305.0,305.0,305.0,,0.0,< 3%
MSFT,V4,BLOOM,FEED_V4,CLOSE,NASDAQ,2025-01-03,USD,300,1.0,300.0,300.0,300.0,300.0,300.0,,0.0,< 3%
MSFT,V5,REFINIT,FEED_V5,CLOSE,NASDAQ,2025-01-03,USD,309,1.0,309.0,309.0,309.0,309.0,309.0,,0.0,< 3%
AAPL,V1,YAHOO,FEED_V1,CLOSE,NASDAQ,2025-01-04,USD,153,1.0,153.0,153.0,153.0,153.0,153.0,,0.0,< 3%
AAPL,V2,ALPHA,FEED_V2,CLOSE,NASDAQ,2025-01-04,USD,157,1.0,157.0,157.0,157.0,157.0,157.0,,0.0,< 3%
AAPL,V3,FINDHUB,FEED_V3,CLOSE,NASDAQ,2025-01-04,USD,150,1.0,150.0,150.0,150.0,150.0,150.0,,0.0,< 3%
AAPL,V4,BLOOM,FEED_V4,CLOSE,NASDAQ,2025-01-04,USD,157,1.0,157.0,157.0,157.0,157.0,157.0,,0.0,< 3%
AAPL,V5,REFINIT,FEED_V5,CLOSE,NASDAQ,2025-01-04,USD,150,1.0,150.0,150.0,150.0,150.0,150.0,,0.0,< 3%
MSFT,V1,YAHOO,FEED_V1,CLOSE,NASDAQ,2025-01-04,USD,303,1.0,303.0,303.0,303.0,303.0,303.0,,0.0,< 3%
MSFT,V2,ALPHA,FEED_V2,CLOSE,NASDAQ,2025-01-04,USD,303,1.0,303.0,303.0,303.0,303.0,303.0,,0.0,< 3%
MSFT,V3,FINDHUB,FEED_V3,CLOSE,NASDAQ,2025-01-04,USD,307,1.0,307.0,307.0,307.0,307.0,307.0,,0.0,< 3%
MSFT,V4,BLOOM,FEED_V4,CLOSE,NASDAQ,2025-01-04,USD,303,1.0,303.0,303.0,303.0,303.0,303.0,,0.0,< 3%
MSFT,V5,REFINIT,FEED_V5,CLOSE,NASDAQ,2025-01-04,USD,304,1.0,304.0,304.0,304.0,304.0,304.0,,0.0,< 3%
AAPL,V1,YAHOO,FEED_V1,CLOSE,NASDAQ,2025-01-05,USD,151,1.0,151.0,151.0,151.0,151.0,151.0,,0.0,< 3%
AAPL,V2,ALPHA,FEED_V2,CLOSE,NASDAQ,2025-01-05,USD,151,1.0,151.0,151.0,151.0,151.0,151.0,,0.0,< 3%
AAPL,V3,FINDHUB,FEED_V3,CLOSE,NASDAQ,2025-01-05,USD,154,1.0,154.0,154.0,154.0,154.0,154.0,,0.0,< 3%
AAPL,V4,BLOOM,FEED_V4,CLOSE,NASDAQ,2025-01-05,USD,158,1.0,158.0,158.0,158.0,158.0,158.0,,0.0,< 3%
AAPL,V5,REFINIT,FEED_V5,CLOSE,NASDAQ,2025-01-05,USD,156,1.0,156.0,156.0,156.0,156.0,156.0,,0.0,< 3%
MSFT,V1,YAHOO,FEED_V1,CLOSE,NASDAQ,2025-01-05,USD,301,1.0,301.0,301.0,301.0,301.0,301.0,,0.0,< 3%
MSFT,V2,ALPHA,FEED_V2,CLOSE,NASDAQ,2025-01-05,USD,302,1.0,302.0,302.0,302.0,302.0,302.0,,0.0,< 3%
MSFT,V3,FINDHUB,FEED_V3,CLOSE,NASDAQ,2025-01-05,USD,303,1.0,303.0,303.0,303.0,303.0,303.0,,0.0,< 3%
MSFT,V4,BLOOM,FEED_V4,CLOSE,NASDAQ,2025-01-05,USD,304,1.0,304.0,304.0,304.0,304.0,304.0,,0.0,< 3%
MSFT,V5,REFINIT,FEED_V5,CLOSE,NASDAQ,2025-01-05,USD,302,1.0,302.0,302.0,302.0,302.0,302.0,,0.0,< 3%
AAPL,V1,YAHOO,FEED_V1,CLOSE,NASDAQ,2025-01-06,USD,155,1.0,155.0,155.0,155.0,155.0,155.0,,0.0,< 3%
AAPL,V2,ALPHA,FEED_V2,CLOSE,NASDAQ,2025-01-06,USD,150,1.0,150.0,150.0,150.0,150.0,150.0,,0.0,< 3%
AAPL,V3,FINDHUB,FEED_V3,CLOSE,NASDAQ,2025-01-06,USD,159,1.0,159.0,159.0,159.0,159.0,159.0,,0.0,< 3%
AAPL,V4,BLOOM,FEED_V4,CLOSE,NASDAQ,2025-01-06,USD,159,1.0,159.0,159.0,159.0,159.0,159.0,,0.0,< 3%
AAPL,V5,REFINIT,FEED_V5,CLOSE,NASDAQ,2025-01-06,USD,156,1.0,156.0,156.0,156.0,156.0,156.0,,0.0,< 3%
MSFT,V1,YAHOO,FEED_V1,CLOSE,NASDAQ,2025-01-06,USD,304,1.0,304.0,304.0,304.0,304.0,304.0,,0.0,< 3%
MSFT,V2,ALPHA,FEED_V2,CLOSE,NASDAQ,2025-01-06,USD,306,1.0,306.0,306.0,306.0,306.0,306.0,,0.0,< 3%
MSFT,V3,FINDHUB,FEED_V3,CLOSE,NASDAQ,2025-01-06,USD,306,1.0,306.0,306.0,306.0,306.0,306.0,,0.0,< 3%
MSFT,V4,BLOOM,FEED_V4,CLOSE,NASDAQ,2025-01-06,USD,309,1.0,309.0,309.0,309.0,309.0,309.0,,0.0,< 3%
MSFT,V5,REFINIT,FEED_V5,CLOSE,NASDAQ,2025-01-06,USD,305,1.0,305.0,305.0,305.0,305.0,305.0,,0.0,< 3%
AAPL,V1,YAHOO,FEED_V1,CLOSE,NASDAQ,2025-01-07,USD,152,1.0,152.0,152.0,152.0,152.0,152.0,,0.0,< 3%
AAPL,V2,ALPHA,FEED_V2,CLOSE,NASDAQ,2025-01-07,USD,151,1.0,151.0,151.0,151.0,151.0,151.0,,0.0,< 3%
AAPL,V3,FINDHUB,FEED_V3,CLOSE,NASDAQ,2025-01-07,USD,156,1.0,156.0,156.0,156.0,156.0,156.0,,0.0,< 3%
AAPL,V4,BLOOM,FEED_V4,CLOSE,NASDAQ,2025-01-07,USD,154,1.0,154.0,154.0,154.0,154.0,154.0,,0.0,< 3%
AAPL,V5,REFINIT,FEED_V5,CLOSE,NASDAQ,2025-01-07,USD,159,1.0,159.0,159.0,159.0,159.0,159.0,,0.0,< 3%
MSFT,V1,YAHOO,FEED_V1,CLOSE,NASDAQ,2025-01-07,USD,306,1.0,306.0,306.0,306.0,306.0,306.0,,0.0,< 3%
MSFT,V2,ALPHA,FEED_V2,CLOSE,NASDAQ,2025-01-07,USD,302,1.0,302.0,302.0,302.0,302.0,302.0,,0.0,< 3%
MSFT,V3,FINDHUB,FEED_V3,CLOSE,NASDAQ,2025-01-07,USD,307,1.0,307.0,307.0,307.0,307.0,307.0,,0.0,< 3%
MSFT,V4,BLOOM,FEED_V4,CLOSE,NASDAQ,2025-01-07,USD,307,1.0,307.0,307.0,307.0,307.0,307.0,,0.0,< 3%
MSFT,V5,REFINIT,FEED_V5,CLOSE,NASDAQ,2025-01-07,USD,308,1.0,308.0,308.0,308.0,308.0,308.0,,0.0,< 3%
AAPL,V1,YAHOO,FEED_V1,CLOSE,NASDAQ,2025-01-08,USD,157,1.0,157.0,157.0,157.0,157.0,157.0,,0.0,< 3%
AAPL,V2,ALPHA,FEED_V2,CLOSE,NASDAQ,2025-01-08,USD,159,1.0,159.0,159.0,159.0,159.0,159.0,,0.0,< 3%
AAPL,V3,FINDHUB,FEED_V3,CLOSE,NASDAQ,2025-01-08,USD,159,1.0,159.0,159.0,159.0,159.0,159.0,,0.0,< 3%
AAPL,V4,BLOOM,FEED_V4,CLOSE,NASDAQ,2025-01-08,USD,157,1.0,157.0,157.0,157.0,157.0,157.0,,0.0,< 3%
AAPL,V5,REFINIT,FEED_V5,CLOSE,NASDAQ,2025-01-08,USD,159,1.0,159.0,159.0,159.0,159.0,159.0,,0.0,< 3%
MSFT,V1,YAHOO,FEED_V1,CLOSE,NASDAQ,2025-01-08,USD,302,1.0,302.0,302.0,302.0,302.0,302.0,,0.0,< 3%
MSFT,V2,ALPHA,FEED_V2,CLOSE,NASDAQ,2025-01-08,USD,301,1.0,301.0,301.0,301.0,301.0,301.0,,0.0,< 3%
MSFT,V3,FINDHUB,FEED_V3,CLOSE,NASDAQ,2025-01-08,USD,300,1.0,300.0,300.0,300.0,300.0,300.0,,0.0,< 3%
MSFT,V4,BLOOM,FEED_V4,CLOSE,NASDAQ,2025-01-08,USD,301,1.0,301.0,301.0,301.0,301.0,301.0,,0.0,< 3%
MSFT,V5,REFINIT,FEED_V5,CLOSE,NASDAQ,2025-01-08,USD,309,1.0,309.0,309.0,309.0,309.0,309.0,,0.0,< 3%
AAPL,V1,YAHOO,FEED_V1,CLOSE,NASDAQ,2025-01-09,USD,150,1.0,150.0,150.0,150.0,150.0,150.0,,0.0,< 3%
AAPL,V2,ALPHA,FEED_V2,CLOSE,NASDAQ,2025-01-09,USD,152,1.0,152.0,152.0,152.0,152.0,152.0,,0.0,< 3%
AAPL,V3,FINDHUB,FEED_V3,CLOSE,NASDAQ,2025-01-09,USD,158,1.0,158.0,158.0,158.0,158.0,158.0,,0.0,< 3%
AAPL,V4,BLOOM,FEED_V4,CLOSE,NASDAQ,2025-01-09,USD,157,1.0,157.0,157.0,157.0,157.0,157.0,,0.0,< 3%
AAPL,V5,REFINIT,FEED_V5,CLOSE,NASDAQ,2025-01-09,USD,154,1.0,154.0,154.0,154.0,154.0,154.0,,0.0,< 3%
MSFT,V1,YAHOO,FEED_V1,CLOSE,NASDAQ,2025-01-09,USD,308,1.0,308.0,308.0,308.0,308.0,308.0,,0.0,< 3%
MSFT,V2,ALPHA,FEED_V2,CLOSE,NASDAQ,2025-01-09,USD,301,1.0,301.0,301.0,301.0,301.0,301.0,,0.0,< 3%
MSFT,V3,FINDHUB,FEED_V3,CLOSE,NASDAQ,2025-01-09,USD,302,1.0,302.0,302.0,302.0,302.0,302.0,,0.0,< 3%
MSFT,V4,BLOOM,FEED_V4,CLOSE,NASDAQ,2025-01-09,USD,305,1.0,305.0,305.0,305.0,305.0,305.0,,0.0,< 3%
MSFT,V5,REFINIT,FEED_V5,CLOSE,NASDAQ,2025-01-09,USD,308,1.0,308.0,308.0,308.0,308.0,308.0,,0.0,< 3%
AAPL,V1,YAHOO,FEED_V1,CLOSE,NASDAQ,2025-01-10,USD,150,1.0,150.0,150.0,150.0,150.0,150.0,,0.0,< 3%
AAPL,V2,ALPHA,FEED_V2,CLOSE,NASDAQ,2025-01-10,USD,156,1.0,156.0,156.0,156.0,156.0,156.0,,0.0,< 3%
AAPL,V3,FINDHUB,FEED_V3,CLOSE,NASDAQ,2025-01-10,USD,154,1.0,154.0,154.0,154.0,154.0,154.0,,0.0,< 3%
AAPL,V4,BLOOM,FEED_V4,CLOSE,NASDAQ,2025-01-10,USD,159,1.0,159.0,159.0,159.0,159.0,159.0,,0.0,< 3%
AAPL,V5,REFINIT,FEED_V5,CLOSE,NASDAQ,2025-01-10,USD,152,1.0,152.0,152.0,152.0,152.0,152.0,,0.0,< 3%
MSFT,V1,YAHOO,FEED_V1,CLOSE,NASDAQ,2025-01-10,USD,305,1.0,305.0,305.0,305.0,305.0,305.0,,0.0,< 3%
MSFT,V2,ALPHA,FEED_V2,CLOSE,NASDAQ,2025-01-10,USD,306,1.0,306.0,306.0,306.0,306.0,306.0,,0.0,< 3%
MSFT,V3,FINDHUB,FEED_V3,CLOSE,NASDAQ,2025-01-10,USD,307,1.0,307.0,307.0,307.0,307.0,307.0,,0.0,< 3%
MSFT,V4,BLOOM,FEED_V4,CLOSE,NASDAQ,2025-01-10,USD,302,1.0,302.0,302.0,302.0,302.0,302.0,,0.0,< 3%
MSFT,V5,REFINIT,FEED_V5,CLOSE,NASDAQ,2025-01-10,USD,306,1.0,306.0,306.0,306.0,306.0,306.0,,0.0,< 3%
AAPL,V1,YAHOO,FEED_V1,CLOSE,NASDAQ,2025-01-11,USD,156,1.0,156.0,156.0,156.0,156.0,156.0,,0.0,< 3%
AAPL,V2,ALPHA,FEED_V2,CLOSE,NASDAQ,2025-01-11,USD,150,1.0,150.0,150.0,150.0,150.0,150.0,,0.0,< 3%
AAPL,V3,FINDHUB,FEED_V3,CLOSE,NASDAQ,2025-01-11,USD,155,1.0,155.0,155.0,155.0,155.0,155.0,,0.0,< 3%
AAPL,V4,BLOOM,FEED_V4,CLOSE,NASDAQ,2025-01-11,USD,151,1.0,151.0,151.0,151.0,151.0,151.0,,0.0,< 3%
AAPL,V5,REFINIT,FEED_V5,CLOSE,NASDAQ,2025-01-11,USD,156,1.0,156.0,156.0,156.0,156.0,156.0,,0.0,< 3%
MSFT,V1,YAHOO,FEED_V1,CLOSE,NASDAQ,2025-01-11,USD,306,1.0,306.0,306.0,306.0,306.0,306.0,,0.0,< 3%
MSFT,V2,ALPHA,FEED_V2,CLOSE,NASDAQ,2025-01-11,USD,302,1.0,302.0,302.0,302.0,302.0,302.0,,0.0,< 3%
MSFT,V3,FINDHUB,FEED_V3,CLOSE,NASDAQ,2025-01-11,USD,302,1.0,302.0,302.0,302.0,302.0,302.0,,0.0,< 3%
MSFT,V4,BLOOM,FEED_V4,CLOSE,NASDAQ,2025-01-11,USD,307,1.0,307.0,307.0,307.0,307.0,307.0,,0.0,< 3%
MSFT,V5,REFINIT,FEED_V5,CLOSE,NASDAQ,2025-01-11,USD,306,1.0,306.0,306.0,306.0,306.0,306.0,,0.0,< 3%
AAPL,V1,YAHOO,FEED_V1,CLOSE,NASDAQ,2025-01-12,USD,151,1.0,151.0,151.0,151.0,151.0,151.0,,0.0,< 3%
AAPL,V2,ALPHA,FEED_V2,CLOSE,NASDAQ,2025-01-12,USD,157,1.0,157.0,157.0,157.0,157.0,157.0,,0.0,< 3%
AAPL,V3,FINDHUB,FEED_V3,CLOSE,NASDAQ,2025-01-12,USD,151,1.0,151.0,151.0,151.0,151.0,151.0,,0.0,< 3%
AAPL,V4,BLOOM,FEED_V4,CLOSE,NASDAQ,2025-01-12,USD,157,1.0,157.0,157.0,157.0,157.0,157.0,,0.0,< 3%
AAPL,V5,REFINIT,FEED_V5,CLOSE,NASDAQ,2025-01-12,USD,153,1.0,153.0,153.0,153.0,153.0,153.0,,0.0,< 3%
MSFT,V1,YAHOO,FEED_V1,CLOSE,NASDAQ,2025-01-12,USD,309,1.0,309.0,309.0,309.0,309.0,309.0,,0.0,< 3%
MSFT,V2,ALPHA,FEED_V2,CLOSE,NASDAQ,2025-01-12,USD,302,1.0,302.0,302.0,302.0,302.0,302.0,,0.0,< 3%
MSFT,V3,FINDHUB,FEED_V3,CLOSE,NASDAQ,2025-01-12,USD,307,1.0,307.0,307.0,307.0,307.0,307.0,,0.0,< 3%
MSFT,V4,BLOOM,FEED_V4,CLOSE,NASDAQ,2025-01-12,USD,308,1.0,308.0,308.0,308.0,308.0,308.0,,0.0,< 3%
MSFT,V5,REFINIT,FEED_V5,CLOSE,NASDAQ,2025-01-12,USD,303,1.0,303.0,303.0,303.0,303.0,303.0,,0.0,< 3%
AAPL,V1,YAHOO,FEED_V1,CLOSE,NASDAQ,2025-01-13,USD,152,1.0,152.0,152.0,152.0,152.0,152.0,,0.0,< 3%
AAPL,V2,ALPHA,FEED_V2,CLOSE,NASDAQ,2025-01-13,USD,154,1.0,154.0,154.0,154.0,154.0,154.0,,0.0,< 3%
AAPL,V3,FINDHUB,FEED_V3,CLOSE,NASDAQ,2025-01-13,USD,150,1.0,150.0,150.0,150.0,150.0,150.0,,0.0,< 3%
AAPL,V4,BLOOM,FEED_V4,CLOSE,NASDAQ,2025-01-13,USD,151,1.0,151.0,151.0,151.0,151.0,151.0,,0.0,< 3%
AAPL,V5,REFINIT,FEED_V5,CLOSE,NASDAQ,2025-01-13,USD,156,1.0,156.0,156.0,156.0,156.0,156.0,,0.0,< 3%
MSFT,V1,YAHOO,FEED_V1,CLOSE,NASDAQ,2025-01-13,USD,307,1.0,307.0,307.0,307.0,307.0,307.0,,0.0,< 3%
MSFT,V2,ALPHA,FEED_V2,CLOSE,NASDAQ,2025-01-13,USD,301,1.0,301.0,301.0,301.0,301.0,301.0,,0.0,< 3%
MSFT,V3,FINDHUB,FEED_V3,CLOSE,NASDAQ,2025-01-13,USD,300,1.0,300.0,300.0,300.0,300.0,300.0,,0.0,< 3%
MSFT,V4,BLOOM,FEED_V4,CLOSE,NASDAQ,2025-01-13,USD,305,1.0,305.0,305.0,305.0,305.0,305.0,,0.0,< 3%
MSFT,V5,REFINIT,FEED_V5,CLOSE,NASDAQ,2025-01-13,USD,301,1.0,301.0,301.0,301.0,301.0,301.0,,0.0,< 3%
AAPL,V1,YAHOO,FEED_V1,CLOSE,NASDAQ,2025-01-14,USD,159,1.0,159.0,159.0,159.0,159.0,159.0,,0.0,< 3%
AAPL,V2,ALPHA,FEED_V2,CLOSE,NASDAQ,2025-01-14,USD,159,1.0,159.0,159.0,159.0,159.0,159.0,,0.0,< 3%
AAPL,V3,FINDHUB,FEED_V3,CLOSE,NASDAQ,2025-01-14,USD,155,1.0,155.0,155.0,155.0,155.0,155.0,,0.0,< 3%
AAPL,V4,BLOOM,FEED_V4,CLOSE,NASDAQ,2025-01-14,USD,158,1.0,158.0,158.0,158.0,158.0,158.0,,0.0,< 3%
AAPL,V5,REFINIT,FEED_V5,CLOSE,NASDAQ,2025-01-14,USD,155,1.0,155.0,155.0,155.0,155.0,155.0,,0.0,< 3%
MSFT,V1,YAHOO,FEED_V1,CLOSE,NASDAQ,2025-01-14,USD,305,1.0,305.0,305.0,305.0,305.0,305.0,,0.0,< 3%
MSFT,V2,ALPHA,FEED_V2,CLOSE,NASDAQ,2025-01-14,USD,308,1.0,308.0,308.0,308.0,308.0,308.0,,0.0,< 3%
MSFT,V3,FINDHUB,FEED_V3,CLOSE,NASDAQ,2025-01-14,USD,308,1.0,308.0,308.0,308.0,308.0,308.0,,0.0,< 3%
MSFT,V4,BLOOM,FEED_V4,CLOSE,NASDAQ,2025-01-14,USD,303,1.0,303.0,303.0,303.0,303.0,303.0,,0.0,< 3%
MSFT,V5,REFINIT,FEED_V5,CLOSE,NASDAQ,2025-01-14,USD,304,1.0,304.0,304.0,304.0,304.0,304.0,,0.0,< 3%
AAPL,V1,YAHOO,FEED_V1,CLOSE,NASDAQ,2025-01-15,USD,150,1.0,150.0,150.0,150.0,150.0,150.0,,0.0,< 3%
AAPL,V2,ALPHA,FEED_V2,CLOSE,NASDAQ,2025-01-15,USD,157,1.0,157.0,157.0,157.0,157.0,157.0,,0.0,< 3%
AAPL,V3,FINDHUB,FEED_V3,CLOSE,NASDAQ,2025-01-15,USD,153,1.0,153.0,153.0,153.0,153.0,153.0,,0.0,< 3%
AAPL,V4,BLOOM,FEED_V4,CLOSE,NASDAQ,2025-01-15,USD,158,1.0,158.0,158.0,158.0,158.0,158.0,,0.0,< 3%
AAPL,V5,REFINIT,FEED_V5,CLOSE,NASDAQ,2025-01-15,USD,151,1.0,151.0,151.0,151.0,151.0,151.0,,0.0,< 3%
MSFT,V1,YAHOO,FEED_V1,CLOSE,NASDAQ,2025-01-15,USD,306,1.0,306.0,306.0,306.0,306.0,306.0,,0.0,< 3%
MSFT,V2,ALPHA,FEED_V2,CLOSE,NASDAQ,2025-01-15,USD,300,1.0,300.0,300.0,300.0,300.0,300.0,,0.0,< 3%
MSFT,V3,FINDHUB,FEED_V3,CLOSE,NASDAQ,2025-01-15,USD,306,1.0,306.0,306.0,306.0,306.0,306.0,,0.0,< 3%
MSFT,V4,BLOOM,FEED_V4,CLOSE,NASDAQ,2025-01-15,USD,307,1.0,307.0,307.0,307.0,307.0,307.0,,0.0,< 3%
MSFT,V5,REFINIT,FEED_V5,CLOSE,NASDAQ,2025-01-15,USD,303,1.0,303.0,303.0,303.0,303.0,303.0,,0.0,< 3%
AAPL,V1,YAHOO,FEED_V1,CLOSE,NASDAQ,2025-01-16,USD,154,1.0,154.0,154.0,154.0,154.0,154.0,,0.0,< 3%
AAPL,V2,ALPHA,FEED_V2,CLOSE,NASDAQ,2025-01-16,USD,150,1.0,150.0,150.0,150.0,150.0,150.0,,0.0,< 3%
AAPL,V3,FINDHUB,FEED_V3,CLOSE,NASDAQ,2025-01-16,USD,156,1.0,156.0,156.0,156.0,156.0,156.0,,0.0,< 3%
AAPL,V4,BLOOM,FEED_V4,CLOSE,NASDAQ,2025-01-16,USD,155,1.0,155.0,155.0,155.0,155.0,155.0,,0.0,< 3%
AAPL,V5,REFINIT,FEED_V5,CLOSE,NASDAQ,2025-01-16,USD,159,1.0,159.0,159.0,159.0,159.0,159.0,,0.0,< 3%
MSFT,V1,YAHOO,FEED_V1,CLOSE,NASDAQ,2025-01-16,USD,300,1.0,300.0,300.0,300.0,300.0,300.0,,0.0,< 3%
MSFT,V2,ALPHA,FEED_V2,CLOSE,NASDAQ,2025-01-16,USD,300,1.0,300.0,300.0,300.0,300.0,300.0,,0.0,< 3%
MSFT,V3,FINDHUB,FEED_V3,CLOSE,NASDAQ,2025-01-16,USD,302,1.0,302.0,302.0,302.0,302.0,302.0,,0.0,< 3%
MSFT,V4,BLOOM,FEED_V4,CLOSE,NASDAQ,2025-01-16,USD,307,1.0,307.0,307.0,307.0,307.0,307.0,,0.0,< 3%
MSFT,V5,REFINIT,FEED_V5,CLOSE,NASDAQ,2025-01-16,USD,303,1.0,303.0,303.0,303.0,303.0,303.0,,0.0,< 3%
AAPL,V1,YAHOO,FEED_V1,CLOSE,NASDAQ,2025-01-17,USD,157,1.0,157.0,157.0,157.0,157.0,157.0,,0.0,< 3%
AAPL,V2,ALPHA,FEED_V2,CLOSE,NASDAQ,2025-01-17,USD,154,1.0,154.0,154.0,154.0,154.0,154.0,,0.0,< 3%
AAPL,V3,FINDHUB,FEED_V3,CLOSE,NASDAQ,2025-01-17,USD,153,1.0,153.0,153.0,153.0,153.0,153.0,,0.0,< 3%
AAPL,V4,BLOOM,FEED_V4,CLOSE,NASDAQ,2025-01-17,USD,153,1.0,153.0,153.0,153.0,153.0,153.0,,0.0,< 3%
AAPL,V5,REFINIT,FEED_V5,CLOSE,NASDAQ,2025-01-17,USD,152,1.0,152.0,152.0,152.0,152.0,152.0,,0.0,< 3%
MSFT,V1,YAHOO,FEED_V1,CLOSE,NASDAQ,2025-01-17,USD,308,1.0,308.0,308.0,308.0,308.0,308.0,,0.0,< 3%
MSFT,V2,ALPHA,FEED_V2,CLOSE,NASDAQ,2025-01-17,USD,302,1.0,302.0,302.0,302.0,302.0,302.0,,0.0,< 3%
MSFT,V3,FINDHUB,FEED_V3,CLOSE,NASDAQ,2025-01-17,USD,302,1.0,302.0,302.0,302.0,302.0,302.0,,0.0,< 3%
MSFT,V4,BLOOM,FEED_V4,CLOSE,NASDAQ,2025-01-17,USD,305,1.0,305.0,305.0,305.0,305.0,305.0,,0.0,< 3%
MSFT,V5,REFINIT,FEED_V5,CLOSE,NASDAQ,2025-01-17,USD,308,1.0,308.0,308.0,308.0,308.0,308.0,,0.0,< 3%
AAPL,V1,YAHOO,FEED_V1,CLOSE,NASDAQ,2025-01-18,USD,156,1.0,156.0,156.0,156.0,156.0,156.0,,0.0,< 3%
AAPL,V2,ALPHA,FEED_V2,CLOSE,NASDAQ,2025-01-18,USD,150,1.0,150.0,150.0,150.0,150.0,150.0,,0.0,< 3%
AAPL,V3,FINDHUB,FEED_V3,CLOSE,NASDAQ,2025-01-18,USD,159,1.0,159.0,159.0,159.0,159.0,159.0,,0.0,< 3%
AAPL,V4,BLOOM,FEED_V4,CLOSE,NASDAQ,2025-01-18,USD,157,1.0,157.0,157.0,157.0,157.0,157.0,,0.0,< 3%
AAPL,V5,REFINIT,FEED_V5,CLOSE,NASDAQ,2025-01-18,USD,151,1.0,151.0,151.0,151.0,151.0,151.0,,0.0,< 3%
MSFT,V1,YAHOO,FEED_V1,CLOSE,NASDAQ,2025-01-18,USD,306,1.0,306.0,306.0,306.0,306.0,306.0,,0.0,< 3%
MSFT,V2,ALPHA,FEED_V2,CLOSE,NASDAQ,2025-01-18,USD,305,1.0,305.0,305.0,305.0,305.0,305.0,,0.0,< 3%
MSFT,V3,FINDHUB,FEED_V3,CLOSE,NASDAQ,2025-01-18,USD,307,1.0,307.0,307.0,307.0,307.0,307.0,,0.0,< 3%
MSFT,V4,BLOOM,FEED_V4,CLOSE,NASDAQ,2025-01-18,USD,306,1.0,306.0,306.0,306.0,306.0,306.0,,0.0,< 3%
MSFT,V5,REFINIT,FEED_V5,CLOSE,NASDAQ,2025-01-18,USD,309,1.0,309.0,309.0,309.0,309.0,309.0,,0.0,< 3%
AAPL,V1,YAHOO,FEED_V1,CLOSE,NASDAQ,2025-01-19,USD,156,1.0,156.0,156.0,156.0,156.0,156.0,,0.0,< 3%
AAPL,V2,ALPHA,FEED_V2,CLOSE,NASDAQ,2025-01-19,USD,157,1.0,157.0,157.0,157.0,157.0,157.0,,0.0,< 3%
AAPL,V3,FINDHUB,FEED_V3,CLOSE,NASDAQ,2025-01-19,USD,157,1.0,157.0,157.0,157.0,157.0,157.0,,0.0,< 3%
AAPL,V4,BLOOM,FEED_V4,CLOSE,NASDAQ,2025-01-19,USD,152,1.0,152.0,152.0,152.0,152.0,152.0,,0.0,< 3%
AAPL,V5,REFINIT,FEED_V5,CLOSE,NASDAQ,2025-01-19,USD,154,1.0,154.0,154.0,154.0,154.0,154.0,,0.0,< 3%
MSFT,V1,YAHOO,FEED_V1,CLOSE,NASDAQ,2025-01-19,USD,305,1.0,305.0,305.0,305.0,305.0,305.0,,0.0,< 3%
MSFT,V2,ALPHA,FEED_V2,CLOSE,NASDAQ,2025-01-19,USD,302,1.0,302.0,302.0,302.0,302.0,302.0,,0.0,< 3%
MSFT,V3,FINDHUB,FEED_V3,CLOSE,NASDAQ,2025-01-19,USD,306,1.0,306.0,306.0,306.0,306.0,306.0,,0.0,< 3%
MSFT,V4,BLOOM,FEED_V4,CLOSE,NASDAQ,2025-01-19,USD,303,1.0,303.0,303.0,303.0,303.0,303.0,,0.0,< 3%
MSFT,V5,REFINIT,FEED_V5,CLOSE,NASDAQ,2025-01-19,USD,309,1.0,309.0,309.0,309.0,309.0,309.0,,0.0,< 3%
AAPL,V1,YAHOO,FEED_V1,CLOSE,NASDAQ,2025-01-20,USD,152,1.0,152.0,152.0,152.0,152.0,152.0,,0.0,< 3%
AAPL,V2,ALPHA,FEED_V2,CLOSE,NASDAQ,2025-01-20,USD,151,1.0,151.0,151.0,151.0,151.0,151.0,,0.0,< 3%
AAPL,V3,FINDHUB,FEED_V3,CLOSE,NASDAQ,2025-01-20,USD,159,1.0,159.0,159.0,159.0,159.0,159.0,,0.0,< 3%
AAPL,V4,BLOOM,FEED_V4,CLOSE,NASDAQ,2025-01-20,USD,150,1.0,150.0,150.0,150.0,150.0,150.0,,0.0,< 3%
AAPL,V5,REFINIT,FEED_V5,CLOSE,NASDAQ,2025-01-20,USD,155,1.0,155.0,155.0,155.0,155.0,155.0,,0.0,< 3%
MSFT,V1,YAHOO,FEED_V1,CLOSE,NASDAQ,2025-01-20,USD,308,1.0,308.0,308.0,308.0,308.0,308.0,,0.0,< 3%
MSFT,V2,ALPHA,FEED_V2,CLOSE,NASDAQ,2025-01-20,USD,301,1.0,301.0,301.0,301.0,301.0,301.0,,0.0,< 3%
MSFT,V3,FINDHUB,FEED_V3,CLOSE,NASDAQ,2025-01-20,USD,308,1.0,308.0,308.0,308.0,308.0,308.0,,0.0,< 3%
MSFT,V4,BLOOM,FEED_V4,CLOSE,NASDAQ,2025-01-20,USD,309,1.0,309.0,309.0,309.0,309.0,309.0,,0.0,< 3%
MSFT,V5,REFINIT,FEED_V5,CLOSE,NASDAQ,2025-01-20,USD,308,1.0,308.0,308.0,308.0,308.0,308.0,,0.0,< 3%
AAPL,V1,YAHOO,FEED_V1,CLOSE,NASDAQ,2025-01-21,USD,157,1.0,157.0,157.0,157.0,157.0,157.0,,0.0,< 3%
AAPL,V2,ALPHA,FEED_V2,CLOSE,NASDAQ,2025-01-21,USD,156,1.0,156.0,156.0,156.0,156.0,156.0,,0.0,< 3%
AAPL,V3,FINDHUB,FEED_V3,CLOSE,NASDAQ,2025-01-21,USD,159,1.0,159.0,159.0,159.0,159.0,159.0,,0.0,< 3%
AAPL,V4,BLOOM,FEED_V4,CLOSE,NASDAQ,2025-01-21,USD,154,1.0,154.0,154.0,154.0,154.0,154.0,,0.0,< 3%
AAPL,V5,REFINIT,FEED_V5,CLOSE,NASDAQ,2025-01-21,USD,158,1.0,158.0,158.0,158.0,158.0,158.0,,0.0,< 3%
MSFT,V1,YAHOO,FEED_V1,CLOSE,NASDAQ,2025-01-21,USD,308,1.0,308.0,308.0,308.0,308.0,308.0,,0.0,< 3%
MSFT,V2,ALPHA,FEED_V2,CLOSE,NASDAQ,2025-01-21,USD,304,1.0,304.0,304.0,304.0,304.0,304.0,,0.0,< 3%
MSFT,V3,FINDHUB,FEED_V3,CLOSE,NASDAQ,2025-01-21,USD,309,1.0,309.0,309.0,309.0,309.0,309.0,,0.0,< 3%
MSFT,V4,BLOOM,FEED_V4,CLOSE,NASDAQ,2025-01-21,USD,307,1.0,307.0,307.0,307.0,307.0,307.0,,0.0,< 3%
MSFT,V5,REFINIT,FEED_V5,CLOSE,NASDAQ,2025-01-21,USD,307,1.0,307.0,307.0,307.0,307.0,307.0,,0.0,< 3%
AAPL,V1,YAHOO,FEED_V1,CLOSE,NASDAQ,2025-01-22,USD,153,1.0,153.0,153.0,153.0,153.0,153.0,,0.0,< 3%
AAPL,V2,ALPHA,FEED_V2,CLOSE,NASDAQ,2025-01-22,USD,151,1.0,151.0,151.0,151.0,151.0,151.0,,0.0,< 3%
AAPL,V3,FINDHUB,FEED_V3,CLOSE,NASDAQ,2025-01-22,USD,152,1.0,152.0,152.0,152.0,152.0,152.0,,0.0,< 3%
AAPL,V4,BLOOM,FEED_V4,CLOSE,NASDAQ,2025-01-22,USD,156,1.0,156.0,156.0,156.0,156.0,156.0,,0.0,< 3%
AAPL,V5,REFINIT,FEED_V5,CLOSE,NASDAQ,2025-01-22,USD,159,1.0,159.0,159.0,159.0,159.0,159.0,,0.0,< 3%
MSFT,V1,YAHOO,FEED_V1,CLOSE,NASDAQ,2025-01-22,USD,305,1.0,305.0,305.0,305.0,305.0,305.0,,0.0,< 3%
MSFT,V2,ALPHA,FEED_V2,CLOSE,NASDAQ,2025-01-22,USD,304,1.0,304.0,304.0,304.0,304.0,304.0,,0.0,< 3%
MSFT,V3,FINDHUB,FEED_V3,CLOSE,NASDAQ,2025-01-22,USD,306,1.0,306.0,306.0,306.0,306.0,306.0,,0.0,< 3%
MSFT,V4,BLOOM,FEED_V4,CLOSE,NASDAQ,2025-01-22,USD,307,1.0,307.0,307.0,307.0,307.0,307.0,,0.0,< 3%
MSFT,V5,REFINIT,FEED_V5,CLOSE,NASDAQ,2025-01-22,USD,302,1.0,302.0,302.0,302.0,302.0,302.0,,0.0,< 3%
AAPL,V1,YAHOO,FEED_V1,CLOSE,NASDAQ,2025-01-23,USD,151,1.0,151.0,151.0,151.0,151.0,151.0,,0.0,< 3%
AAPL,V2,ALPHA,FEED_V2,CLOSE,NASDAQ,2025-01-23,USD,156,1.0,156.0,156.0,156.0,156.0,156.0,,0.0,< 3%
AAPL,V3,FINDHUB,FEED_V3,CLOSE,NASDAQ,2025-01-23,USD,152,1.0,152.0,152.0,152.0,152.0,152.0,,0.0,< 3%
AAPL,V4,BLOOM,FEED_V4,CLOSE,NASDAQ,2025-01-23,USD,153,1.0,153.0,153.0,153.0,153.0,153.0,,0.0,< 3%
AAPL,V5,REFINIT,FEED_V5,CLOSE,NASDAQ,2025-01-23,USD,155,1.0,155.0,155.0,155.0,155.0,155.0,,0.0,< 3%
MSFT,V1,YAHOO,FEED_V1,CLOSE,NASDAQ,2025-01-23,USD,305,1.0,305.0,305.0,305.0,305.0,305.0,,0.0,< 3%
MSFT,V2,ALPHA,FEED_V2,CLOSE,NASDAQ,2025-01-23,USD,303,1.0,303.0,303.0,303.0,303.0,303.0,,0.0,< 3%
MSFT,V3,FINDHUB,FEED_V3,CLOSE,NASDAQ,2025-01-23,USD,307,1.0,307.0,307.0,307.0,307.0,307.0,,0.0,< 3%
MSFT,V4,BLOOM,FEED_V4,CLOSE,NASDAQ,2025-01-23,USD,308,1.0,308.0,308.0,308.0,308.0,308.0,,0.0,< 3%
MSFT,V5,REFINIT,FEED_V5,CLOSE,NASDAQ,2025-01-23,USD,308,1.0,308.0,308.0,308.0,308.0,308.0,,0.0,< 3%
AAPL,V1,YAHOO,FEED_V1,CLOSE,NASDAQ,2025-01-24,USD,153,1.0,153.0,153.0,153.0,153.0,153.0,,0.0,< 3%
AAPL,V2,ALPHA,FEED_V2,CLOSE,NASDAQ,2025-01-24,USD,158,1.0,158.0,158.0,158.0,158.0,158.0,,0.0,< 3%
AAPL,V3,FINDHUB,FEED_V3,CLOSE,NASDAQ,2025-01-24,USD,158,1.0,158.0,158.0,158.0,158.0,158.0,,0.0,< 3%
AAPL,V4,BLOOM,FEED_V4,CLOSE,NASDAQ,2025-01-24,USD,156,1.0,156.0,156.0,156.0,156.0,156.0,,0.0,< 3%
AAPL,V5,REFINIT,FEED_V5,CLOSE,NASDAQ,2025-01-24,USD,158,1.0,158.0,158.0,158.0,158.0,158.0,,0.0,< 3%
MSFT,V1,YAHOO,FEED_V1,CLOSE,NASDAQ,2025-01-24,USD,300,1.0,300.0,300.0,300.0,300.0,300.0,,0.0,< 3%
MSFT,V2,ALPHA,FEED_V2,CLOSE,NASDAQ,2025-01-24,USD,304,1.0,304.0,304.0,304.0,304.0,304.0,,0.0,< 3%
MSFT,V3,FINDHUB,FEED_V3,CLOSE,NASDAQ,2025-01-24,USD,308,1.0,308.0,308.0,308.0,308.0,308.0,,0.0,< 3%
MSFT,V4,BLOOM,FEED_V4,CLOSE,NASDAQ,2025-01-24,USD,309,1.0,309.0,309.0,309.0,309.0,309.0,,0.0,< 3%
MSFT,V5,REFINIT,FEED_V5,CLOSE,NASDAQ,2025-01-24,USD,309,1.0,309.0,309.0,309.0,309.0,309.0,,0.0,< 3%
AAPL,V1,YAHOO,FEED_V1,CLOSE,NASDAQ,2025-01-25,USD,151,1.0,151.0,151.0,151.0,151.0,151.0,,0.0,< 3%
AAPL,V2,ALPHA,FEED_V2,CLOSE,NASDAQ,2025-01-25,USD,155,1.0,155.0,155.0,155.0,155.0,155.0,,0.0,< 3%
AAPL,V3,FINDHUB,FEED_V3,CLOSE,NASDAQ,2025-01-25,USD,154,1.0,154.0,154.0,154.0,154.0,154.0,,0.0,< 3%
AAPL,V4,BLOOM,FEED_V4,CLOSE,NASDAQ,2025-01-25,USD,152,1.0,152.0,152.0,152.0,152.0,152.0,,0.0,< 3%
AAPL,V5,REFINIT,FEED_V5,CLOSE,NASDAQ,2025-01-25,USD,155,1.0,155.0,155.0,155.0,155.0,155.0,,0.0,< 3%
MSFT,V1,YAHOO,FEED_V1,CLOSE,NASDAQ,2025-01-25,USD,303,1.0,303.0,303.0,303.0,303.0,303.0,,0.0,< 3%
MSFT,V2,ALPHA,FEED_V2,CLOSE,NASDAQ,2025-01-25,USD,309,1.0,309.0,309.0,309.0,309.0,309.0,,0.0,< 3%
MSFT,V3,FINDHUB,FEED_V3,CLOSE,NASDAQ,2025-01-25,USD,304,1.0,304.0,304.0,304.0,304.0,304.0,,0.0,< 3%
MSFT,V4,BLOOM,FEED_V4,CLOSE,NASDAQ,2025-01-25,USD,306,1.0,306.0,306.0,306.0,306.0,306.0,,0.0,< 3%
MSFT,V5,REFINIT,FEED_V5,CLOSE,NASDAQ,2025-01-25,USD,305,1.0,305.0,305.0,305.0,305.0,305.0,,0.0,< 3%
AAPL,V1,YAHOO,FEED_V1,CLOSE,NASDAQ,2025-01-26,USD,153,1.0,153.0,153.0,153.0,153.0,153.0,,0.0,< 3%
AAPL,V2,ALPHA,FEED_V2,CLOSE,NASDAQ,2025-01-26,USD,157,1.0,157.0,157.0,157.0,157.0,157.0,,0.0,< 3%
AAPL,V3,FINDHUB,FEED_V3,CLOSE,NASDAQ,2025-01-26,USD,150,1.0,150.0,150.0,150.0,150.0,150.0,,0.0,< 3%
AAPL,V4,BLOOM,FEED_V4,CLOSE,NASDAQ,2025-01-26,USD,155,1.0,155.0,155.0,155.0,155.0,155.0,,0.0,< 3%
AAPL,V5,REFINIT,FEED_V5,CLOSE,NASDAQ,2025-01-26,USD,157,1.0,157.0,157.0,157.0,157.0,157.0,,0.0,< 3%
MSFT,V1,YAHOO,FEED_V1,CLOSE,NASDAQ,2025-01-26,USD,309,1.0,309.0,309.0,309.0,309.0,309.0,,0.0,< 3%
MSFT,V2,ALPHA,FEED_V2,CLOSE,NASDAQ,2025-01-26,USD,303,1.0,303.0,303.0,303.0,303.0,303.0,,0.0,< 3%
MSFT,V3,FINDHUB,FEED_V3,CLOSE,NASDAQ,2025-01-26,USD,307,1.0,307.0,307.0,307.0,307.0,307.0,,0.0,< 3%
MSFT,V4,BLOOM,FEED_V4,CLOSE,NASDAQ,2025-01-26,USD,307,1.0,307.0,307.0,307.0,307.0,307.0,,0.0,< 3%
MSFT,V5,REFINIT,FEED_V5,CLOSE,NASDAQ,2025-01-26,USD,308,1.0,308.0,308.0,308.0,308.0,308.0,,0.0,< 3%
AAPL,V1,YAHOO,FEED_V1,CLOSE,NASDAQ,2025-01-27,USD,152,1.0,152.0,152.0,152.0,152.0,152.0,,0.0,< 3%
AAPL,V2,ALPHA,FEED_V2,CLOSE,NASDAQ,2025-01-27,USD,150,1.0,150.0,150.0,150.0,150.0,150.0,,0.0,< 3%
AAPL,V3,FINDHUB,FEED_V3,CLOSE,NASDAQ,2025-01-27,USD,155,1.0,155.0,155.0,155.0,155.0,155.0,,0.0,< 3%
AAPL,V4,BLOOM,FEED_V4,CLOSE,NASDAQ,2025-01-27,USD,151,1.0,151.0,151.0,151.0,151.0,151.0,,0.0,< 3%
AAPL,V5,REFINIT,FEED_V5,CLOSE,NASDAQ,2025-01-27,USD,157,1.0,157.0,157.0,157.0,157.0,157.0,,0.0,< 3%
MSFT,V1,YAHOO,FEED_V1,CLOSE,NASDAQ,2025-01-27,USD,309,1.0,309.0,309.0,309.0,309.0,309.0,,0.0,< 3%
MSFT,V2,ALPHA,FEED_V2,CLOSE,NASDAQ,2025-01-27,USD,307,1.0,307.0,307.0,307.0,307.0,307.0,,0.0,< 3%
MSFT,V3,FINDHUB,FEED_V3,CLOSE,NASDAQ,2025-01-27,USD,308,1.0,308.0,308.0,308.0,308.0,308.0,,0.0,< 3%
MSFT,V4,BLOOM,FEED_V4,CLOSE,NASDAQ,2025-01-27,USD,302,1.0,302.0,302.0,302.0,302.0,302.0,,0.0,< 3%
MSFT,V5,REFINIT,FEED_V5,CLOSE,NASDAQ,2025-01-27,USD,300,1.0,300.0,300.0,300.0,300.0,300.0,,0.0,< 3%
AAPL,V1,YAHOO,FEED_V1,CLOSE,NASDAQ,2025-01-28,USD,152,1.0,152.0,152.0,152.0,152.0,152.0,,0.0,< 3%
AAPL,V2,ALPHA,FEED_V2,CLOSE,NASDAQ,2025-01-28,USD,150,1.0,150.0,150.0,150.0,150.0,150.0,,0.0,< 3%
AAPL,V3,FINDHUB,FEED_V3,CLOSE,NASDAQ,2025-01-28,USD,151,1.0,151.0,151.0,151.0,151.0,151.0,,0.0,< 3%
AAPL,V4,BLOOM,FEED_V4,CLOSE,NASDAQ,2025-01-28,USD,152,1.0,152.0,152.0,152.0,152.0,152.0,,0.0,< 3%
AAPL,V5,REFINIT,FEED_V5,CLOSE,NASDAQ,2025-01-28,USD,156,1.0,156.0,156.0,156.0,156.0,156.0,,0.0,< 3%
MSFT,V1,YAHOO,FEED_V1,CLOSE,NASDAQ,2025-01-28,USD,301,1.0,301.0,301.0,301.0,301.0,301.0,,0.0,< 3%
MSFT,V2,ALPHA,FEED_V2,CLOSE,NASDAQ,2025-01-28,USD,309,1.0,309.0,309.0,309.0,309.0,309.0,,0.0,< 3%
MSFT,V3,FINDHUB,FEED_V3,CLOSE,NASDAQ,2025-01-28,USD,305,1.0,305.0,305.0,305.0,305.0,305.0,,0.0,< 3%
MSFT,V4,BLOOM,FEED_V4,CLOSE,NASDAQ,2025-01-28,USD,300,1.0,300.0,300.0,300.0,300.0,300.0,,0.0,< 3%
MSFT,V5,REFINIT,FEED_V5,CLOSE,NASDAQ,2025-01-28,USD,308,1.0,308.0,308.0,308.0,308.0,308.0,,0.0,< 3%
AAPL,V1,YAHOO,FEED_V1,CLOSE,NASDAQ,2025-01-29,USD,153,1.0,153.0,153.0,153.0,153.0,153.0,,0.0,< 3%
AAPL,V2,ALPHA,FEED_V2,CLOSE,NASDAQ,2025-01-29,USD,155,1.0,155.0,155.0,155.0,155.0,155.0,,0.0,< 3%
AAPL,V3,FINDHUB,FEED_V3,CLOSE,NASDAQ,2025-01-29,USD,154,1.0,154.0,154.0,154.0,154.0,154.0,,0.0,< 3%
AAPL,V4,BLOOM,FEED_V4,CLOSE,NASDAQ,2025-01-29,USD,155,1.0,155.0,155.0,155.0,155.0,155.0,,0.0,< 3%
AAPL,V5,REFINIT,FEED_V5,CLOSE,NASDAQ,2025-01-29,USD,154,1.0,154.0,154.0,154.0,154.0,154.0,,0.0,< 3%
MSFT,V1,YAHOO,FEED_V1,CLOSE,NASDAQ,2025-01-29,USD,305,1.0,305.0,305.0,305.0,305.0,305.0,,0.0,< 3%
MSFT,V2,ALPHA,FEED_V2,CLOSE,NASDAQ,2025-01-29,USD,304,1.0,304.0,304.0,304.0,304.0,304.0,,0.0,< 3%
MSFT,V3,FINDHUB,FEED_V3,CLOSE,NASDAQ,2025-01-29,USD,307,1.0,307.0,307.0,307.0,307.0,307.0,,0.0,< 3%
MSFT,V4,BLOOM,FEED_V4,CLOSE,NASDAQ,2025-01-29,USD,309,1.0,309.0,309.0,309.0,309.0,309.0,,0.0,< 3%
MSFT,V5,REFINIT,FEED_V5,CLOSE,NASDAQ,2025-01-29,USD,305,1.0,305.0,305.0,305.0,305.0,305.0,,0.0,< 3%
AAPL,V1,YAHOO,FEED_V1,CLOSE,NASDAQ,2025-01-30,USD,158,1.0,158.0,158.0,158.0,158.0,158.0,,0.0,< 3%
AAPL,V2,ALPHA,FEED_V2,CLOSE,NASDAQ,2025-01-30,USD,157,1.0,157.0,157.0,157.0,157.0,157.0,,0.0,< 3%
AAPL,V3,FINDHUB,FEED_V3,CLOSE,NASDAQ,2025-01-30,USD,155,1.0,155.0,155.0,155.0,155.0,155.0,,0.0,< 3%
AAPL,V4,BLOOM,FEED_V4,CLOSE,NASDAQ,2025-01-30,USD,152,1.0,152.0,152.0,152.0,152.0,152.0,,0.0,< 3%
AAPL,V5,REFINIT,FEED_V5,CLOSE,NASDAQ,2025-01-30,USD,151,1.0,151.0,151.0,151.0,151.0,151.0,,0.0,< 3%
MSFT,V1,YAHOO,FEED_V1,CLOSE,NASDAQ,2025-01-30,USD,300,1.0,300.0,300.0,300.0,300.0,300.0,,0.0,< 3%
MSFT,V2,ALPHA,FEED_V2,CLOSE,NASDAQ,2025-01-30,USD,300,1.0,300.0,300.0,300.0,300.0,300.0,,0.0,< 3%
MSFT,V3,FINDHUB,FEED_V3,CLOSE,NASDAQ,2025-01-30,USD,307,1.0,307.0,307.0,307.0,307.0,307.0,,0.0,< 3%
MSFT,V4,BLOOM,FEED_V4,CLOSE,NASDAQ,2025-01-30,USD,304,1.0,304.0,304.0,304.0,304.0,304.0,,0.0,< 3%
MSFT,V5,REFINIT,FEED_V5,CLOSE,NASDAQ,2025-01-30,USD,306,1.0,306.0,306.0,306.0,306.0,306.0,,0.0,< 3%
